,Accuracy,Precision,Recall,F1-Score
Logistic Regression,0.739240506329114,0.7208981298997635,0.739240506329114,0.7274001031996542
Support Vector Machine,0.7265822784810126,0.7099473574600241,0.7265822784810126,0.6401339123855163
Random Forest,0.7518987341772152,0.7586604068730586,0.7518987341772152,0.6914073604329546
XGBoost,0.779746835443038,0.7684265354019718,0.779746835443038,0.7452479857871334
K-Nearest Neighbors,0.720253164556962,0.6789396694407535,0.720253164556962,0.6587564748554811
